timestamp,level,response_time,status
1776833792,INFO,255.0,200
1776833793,WARN,170.0,200
1776833794,INFO,406.0,200
1776833795,INFO,387.0,200
1776833796,INFO,440.0,200
1776833797,ERROR,246.0,200
1776833798,INFO,198.0,200
1776833799,INFO,358.0,200
1776833800,INFO,443.0,404
1776833801,INFO,275.0,200
1776833802,INFO,311.0,404
1776833803,INFO,268.0,500
1776833804,INFO,162.0,500
1776833805,ERROR,382.0,404
1776833806,WARN,304.0,200
1776833807,WARN,456.0,404
1776833808,WARN,287.0,404
1776833809,INFO,149.0,200
1776833810,INFO,146.0,200
1776833811,INFO,478.0,200
1776833812,INFO,388.0,200
1776833813,INFO,139.0,200
1776833814,INFO,354.0,500
1776833815,INFO,112.0,200
1776833816,INFO,197.0,200
1776833817,WARN,196.0,200
1776833818,WARN,448.0,200
1776833819,WARN,305.0,200
1776833820,INFO,303.0,200
1776833821,INFO,271.0,404
1776833822,WARN,293.0,200
1776833823,WARN,218.0,200
1776833824,ERROR,251.0,200
1776833825,ERROR,246.0,200
1776833826,INFO,196.0,200
1776833827,INFO,305.0,200
1776833828,WARN,246.0,500
1776833829,INFO,157.0,200
1776833830,INFO,118.0,200
1776833831,INFO,428.0,500
1776833832,ERROR,8206.0,200
1776833833,ERROR,156.0,500
1776833834,INFO,187.0,200
1776833835,INFO,216.0,500
1776833836,INFO,410.0,200
1776833837,INFO,459.0,500
1776833838,ERROR,2826.0,500
1776833839,ERROR,276.0,404
1776833840,INFO,467.0,200
1776833841,ERROR,168.0,200
1776833842,WARN,381.0,200
1776833843,WARN,477.0,200
1776833844,INFO,122.0,500
1776833845,INFO,298.0,200
1776833846,INFO,460.0,200
1776833847,INFO,387.0,404
1776833848,INFO,413.0,200
1776833849,INFO,358.0,200
1776833850,INFO,294.0,200
1776833851,ERROR,117.0,500
1776833852,INFO,335.0,200
1776833853,ERROR,4982.0,500
1776833854,INFO,102.0,500
1776833855,WARN,306.0,404
1776833856,WARN,153.0,200
1776833857,INFO,116.0,200
1776833858,INFO,207.0,200
1776833859,INFO,239.0,500
1776833860,INFO,309.0,200
1776833861,ERROR,435.0,200
1776833862,INFO,126.0,500
1776833863,INFO,396.0,200
1776833864,INFO,207.0,200
1776833865,ERROR,6057.0,200
1776833866,INFO,291.0,200
1776833867,INFO,295.0,404
1776833868,INFO,436.0,200
1776833869,ERROR,5329.0,200
1776833870,INFO,413.0,404
1776833871,INFO,184.0,200
1776833872,INFO,177.0,200
1776833873,ERROR,194.0,200
1776833874,WARN,210.0,200
1776833875,INFO,310.0,404
1776833876,INFO,205.0,200
1776833877,INFO,391.0,404
1776833878,INFO,149.0,200
1776833879,WARN,141.0,200
1776833880,INFO,239.0,200
1776833881,WARN,116.0,200
1776833882,INFO,292.0,200
1776833883,ERROR,8493.0,500
1776833884,ERROR,6126.0,200
1776833885,ERROR,334.0,200
1776833886,INFO,462.0,404
1776833887,INFO,202.0,500
1776833888,INFO,102.0,404
1776833889,ERROR,6721.0,200
1776833890,INFO,151.0,200
1776833891,INFO,398.0,200
1776833892,ERROR,102.0,200
1776833893,INFO,358.0,200
1776833894,INFO,288.0,200
1776833895,ERROR,7878.0,500
1776833896,ERROR,311.0,200
1776833897,ERROR,4090.0,200
1776833898,INFO,244.0,200
1776833899,INFO,278.0,200
1776833900,WARN,245.0,404
1776833901,INFO,438.0,200
1776833902,INFO,479.0,404
1776833903,INFO,487.0,404
1776833904,WARN,373.0,200
1776833905,INFO,128.0,200
1776833906,INFO,472.0,200
1776833907,WARN,345.0,404
1776833908,WARN,498.0,200
1776833909,INFO,134.0,200
1776833910,ERROR,141.0,500
1776833911,ERROR,418.0,200
1776833912,WARN,218.0,200
1776833913,INFO,134.0,404
1776833914,INFO,423.0,200
1776833915,INFO,272.0,200
1776833916,WARN,112.0,200
1776833917,INFO,121.0,404
1776833918,ERROR,4326.0,404
1776833919,ERROR,193.0,200
1776833920,WARN,367.0,200
1776833921,INFO,301.0,200
1776833922,INFO,498.0,404
1776833923,INFO,204.0,200
1776833924,INFO,484.0,200
1776833925,INFO,157.0,200
1776833926,WARN,269.0,200
1776833927,WARN,124.0,404
1776833928,ERROR,5248.0,404
1776833929,INFO,142.0,200
1776833930,ERROR,8811.0,200
1776833931,INFO,433.0,200
1776833932,WARN,308.0,200
1776833933,INFO,337.0,200
1776833934,INFO,353.0,200
1776833935,INFO,290.0,200
1776833936,WARN,179.0,404
1776833937,INFO,498.0,500
1776833938,WARN,111.0,500
1776833939,WARN,229.0,200
1776833940,INFO,422.0,200
1776833941,WARN,149.0,200
1776833942,WARN,394.0,500
1776833943,INFO,267.0,404
1776833944,INFO,477.0,500
1776833945,ERROR,5144.0,404
1776833946,INFO,421.0,200
1776833947,WARN,160.0,200
1776833948,INFO,151.0,404
1776833949,INFO,305.0,200
1776833950,INFO,453.0,404
1776833951,ERROR,6664.0,404
1776833952,ERROR,4722.0,200
1776833953,INFO,495.0,200
1776833954,ERROR,8129.0,404
1776833955,INFO,449.0,200
1776833956,INFO,192.0,500
1776833957,ERROR,449.0,500
1776833958,INFO,303.0,500
1776833959,WARN,184.0,200
1776833960,ERROR,3780.0,200
1776833961,INFO,364.0,200
1776833962,WARN,281.0,200
1776833963,INFO,131.0,404
1776833964,INFO,185.0,500
1776833965,ERROR,246.0,200
1776833966,ERROR,3874.0,404
1776833967,INFO,468.0,200
1776833968,WARN,475.0,200
1776833969,INFO,203.0,500
1776833970,INFO,173.0,500
1776833971,WARN,439.0,200
1776833972,INFO,438.0,200
1776833973,ERROR,437.0,500
1776833974,INFO,221.0,200
1776833975,INFO,387.0,500
1776833976,INFO,293.0,200
1776833977,ERROR,3474.0,200
1776833978,INFO,210.0,200
1776833979,ERROR,139.0,500
1776833980,WARN,274.0,404
1776833981,ERROR,168.0,200
1776833982,WARN,201.0,200
1776833983,WARN,392.0,200
1776833984,ERROR,8432.0,200
1776833985,INFO,182.0,200
1776833986,ERROR,9765.0,500
1776833987,INFO,340.0,200
1776833988,ERROR,6860.0,200
1776833989,WARN,286.0,200
1776833990,INFO,347.0,500
1776833991,WARN,436.0,200
1776833992,INFO,413.0,404
1776833993,ERROR,444.0,500
1776833994,ERROR,168.0,200
1776833995,INFO,332.0,500
1776833996,INFO,140.0,200
1776833997,WARN,350.0,200
1776833998,WARN,247.0,200
1776833999,ERROR,4917.0,404
1776834000,INFO,379.0,200
1776834001,INFO,290.0,500
1776834002,INFO,402.0,200
1776834003,INFO,442.0,500
1776834004,INFO,376.0,404
1776834005,WARN,326.0,200
1776834006,INFO,352.0,200
1776834007,INFO,139.0,200
1776834008,INFO,229.0,500
1776834009,ERROR,162.0,500
1776834010,WARN,448.0,200
1776834011,INFO,485.0,200
1776834012,INFO,249.0,500
1776834013,INFO,194.0,200
1776834014,INFO,196.0,200
1776834015,WARN,455.0,200
1776834016,ERROR,8731.0,500
1776834017,INFO,395.0,200
1776834018,INFO,385.0,200
1776834019,ERROR,5359.0,200
1776834020,ERROR,497.0,200
1776834021,WARN,462.0,200
1776834022,INFO,172.0,500
1776834023,INFO,300.0,200
1776834024,ERROR,423.0,200
1776834025,WARN,395.0,200
1776834026,ERROR,322.0,200
1776834027,ERROR,185.0,500
1776834028,INFO,366.0,500
1776834029,INFO,295.0,200
1776834030,INFO,353.0,404
1776834031,INFO,470.0,200
1776834032,ERROR,9262.0,200
1776834033,INFO,114.0,200
1776834034,INFO,163.0,200
1776834035,INFO,263.0,200
1776834036,ERROR,4232.0,404
1776834037,INFO,188.0,200
1776834038,INFO,184.0,404
1776834039,INFO,329.0,200
1776834040,WARN,464.0,404
1776834041,INFO,396.0,200
1776834042,INFO,370.0,200
1776834043,INFO,473.0,200
1776834044,INFO,170.0,404
1776834045,ERROR,477.0,500
1776834046,INFO,144.0,200
1776834047,WARN,381.0,200
1776834048,INFO,278.0,500
1776834049,INFO,330.0,404
1776834050,INFO,163.0,200
1776834051,INFO,160.0,200
1776834052,WARN,435.0,404
1776834053,INFO,360.0,404
1776834054,INFO,355.0,200
1776834055,INFO,471.0,200
1776834056,INFO,156.0,500
1776834057,ERROR,190.0,404
1776834058,INFO,105.0,200
1776834059,ERROR,7127.0,500
1776834060,WARN,486.0,200
1776834061,INFO,135.0,404
1776834062,ERROR,4529.0,200
1776834063,INFO,365.0,200
1776834064,INFO,323.0,200
1776834065,INFO,112.0,200
1776834066,WARN,300.0,404
1776834067,INFO,308.0,404
1776834068,INFO,289.0,200
1776834069,INFO,442.0,200
1776834070,ERROR,7463.0,200
1776834071,INFO,300.0,200
1776834072,INFO,265.0,200
1776834073,INFO,463.0,404
1776834074,ERROR,3684.0,500
1776834075,WARN,482.0,200
1776834076,INFO,315.0,404
1776834077,INFO,136.0,404
1776834078,WARN,354.0,500
1776834079,INFO,338.0,200
1776834080,INFO,144.0,404
1776834081,ERROR,412.0,500
1776834082,INFO,258.0,200
1776834083,WARN,190.0,200
1776834084,WARN,419.0,200
1776834085,INFO,483.0,200
1776834086,WARN,144.0,200
1776834087,WARN,340.0,200
1776834088,ERROR,2918.0,200
1776834089,INFO,108.0,404
1776834090,INFO,200.0,200
1776834091,INFO,323.0,200
1776834092,ERROR,3045.0,200
1776834093,INFO,146.0,200
1776834094,WARN,104.0,200
1776834095,INFO,192.0,200
1776834096,INFO,252.0,404
1776834097,ERROR,4908.0,500
1776834098,WARN,139.0,200
1776834099,INFO,231.0,200
1776834100,INFO,411.0,200
1776834101,INFO,122.0,200
1776834102,INFO,108.0,200
1776834103,INFO,253.0,200
1776834104,INFO,289.0,200
1776834105,INFO,383.0,404
1776834106,INFO,337.0,500
1776834107,INFO,267.0,500
1776834108,ERROR,9143.0,200
1776834109,INFO,217.0,200
1776834110,INFO,203.0,404
1776834111,ERROR,405.0,404
1776834112,WARN,177.0,200
1776834113,WARN,475.0,200
1776834114,INFO,453.0,500
1776834115,INFO,215.0,404
1776834116,WARN,137.0,200
1776834117,WARN,257.0,404
1776834118,INFO,243.0,404
1776834119,INFO,107.0,500
1776834120,ERROR,9568.0,200
1776834121,INFO,322.0,200
1776834122,WARN,139.0,200
1776834123,INFO,475.0,404
1776834124,INFO,427.0,200
1776834125,WARN,399.0,200
1776834126,ERROR,2375.0,500
1776834127,INFO,304.0,404
1776834128,WARN,310.0,200
1776834129,INFO,135.0,200
1776834130,WARN,253.0,404
1776834131,ERROR,138.0,404
1776834132,WARN,190.0,500
1776834133,WARN,488.0,200
1776834134,WARN,281.0,200
1776834135,ERROR,7415.0,200
1776834136,INFO,243.0,500
1776834137,INFO,151.0,200
1776834138,INFO,248.0,200
1776834139,INFO,483.0,200
1776834140,WARN,238.0,200
1776834141,INFO,366.0,404
1776834142,INFO,162.0,200
1776834143,WARN,380.0,200
1776834144,INFO,306.0,404
1776834145,INFO,347.0,500
1776834146,INFO,296.0,200
1776834147,WARN,493.0,200
1776834148,WARN,134.0,500
1776834149,INFO,178.0,404
1776834150,INFO,145.0,200
1776834151,INFO,117.0,200
1776834152,ERROR,417.0,404
1776834153,WARN,146.0,200
1776834154,INFO,390.0,200
1776834155,INFO,447.0,200
1776834156,INFO,372.0,200
1776834157,ERROR,8235.0,200
1776834158,INFO,175.0,200
1776834159,INFO,168.0,200
1776834160,WARN,183.0,404
1776834161,INFO,210.0,200
1776834162,WARN,266.0,404
1776834163,WARN,381.0,500
1776834164,WARN,100.0,200
1776834165,WARN,317.0,200
1776834166,INFO,351.0,200
1776834167,INFO,237.0,200
1776834168,INFO,240.0,200
1776834169,ERROR,5610.0,200
1776834170,INFO,208.0,404
1776834171,INFO,339.0,200
1776834172,INFO,423.0,200
1776834173,INFO,141.0,200
1776834174,INFO,407.0,200
1776834175,INFO,284.0,200
1776834176,INFO,289.0,200
1776834177,INFO,329.0,500
1776834178,INFO,287.0,200
1776834179,INFO,333.0,200
1776834180,INFO,184.0,200
1776834181,ERROR,165.0,200
1776834182,INFO,185.0,404
1776834183,WARN,239.0,500
1776834184,WARN,339.0,200
1776834185,INFO,166.0,200
1776834186,INFO,353.0,404
1776834187,INFO,365.0,200
1776834188,INFO,422.0,200
1776834189,INFO,408.0,200
1776834190,INFO,360.0,200
1776834191,ERROR,6570.0,500
1776834192,INFO,239.0,404
1776834193,ERROR,4034.0,404
1776834194,INFO,283.0,200
1776834195,INFO,385.0,404
1776834196,WARN,128.0,404
1776834197,INFO,318.0,200
1776834198,ERROR,392.0,404
1776834199,ERROR,5958.0,200
1776834200,ERROR,4451.0,200
1776834201,INFO,147.0,500
1776834202,INFO,335.0,404
1776834203,INFO,240.0,500
1776834204,INFO,396.0,500
1776834205,ERROR,3551.0,200
1776834206,INFO,358.0,404
1776834207,ERROR,2097.0,200
1776834208,INFO,121.0,404
1776834209,WARN,189.0,200
1776834210,INFO,426.0,500
1776834211,WARN,249.0,200
1776834212,WARN,442.0,200
1776834213,ERROR,313.0,200
1776834214,INFO,167.0,404
1776834215,ERROR,364.0,500
1776834216,INFO,404.0,200
1776834217,INFO,266.0,200
1776834218,INFO,416.0,200
1776834219,WARN,315.0,200
1776834220,INFO,371.0,404
1776834221,ERROR,387.0,200
1776834222,INFO,102.0,200
1776834223,INFO,105.0,500
1776834224,INFO,288.0,200
1776834225,INFO,189.0,200
1776834226,INFO,429.0,200
1776834227,ERROR,9662.0,500
1776834228,INFO,221.0,200
1776834229,WARN,209.0,404
1776834230,INFO,241.0,404
1776834231,INFO,251.0,200
1776834232,ERROR,260.0,200
1776834233,WARN,384.0,500
1776834234,WARN,450.0,200
1776834235,INFO,271.0,200
1776834236,INFO,358.0,404
1776834237,WARN,466.0,200
1776834238,WARN,196.0,200
1776834239,ERROR,431.0,404
1776834240,INFO,299.0,500
1776834241,ERROR,6134.0,200
1776834242,WARN,199.0,200
1776834243,WARN,316.0,200
1776834244,INFO,286.0,200
1776834245,INFO,160.0,200
1776834246,INFO,221.0,500
1776834247,WARN,342.0,200
1776834248,INFO,374.0,500
1776834249,INFO,383.0,500
1776834250,WARN,373.0,200
1776834251,ERROR,421.0,404
1776834252,INFO,409.0,200
1776834253,INFO,265.0,500
1776834254,ERROR,355.0,200
1776834255,INFO,159.0,200
1776834256,WARN,204.0,500
1776834257,INFO,221.0,404
1776834258,WARN,450.0,500
1776834259,INFO,335.0,200
1776834260,INFO,294.0,404
1776834261,INFO,295.0,404
1776834262,INFO,181.0,404
1776834263,ERROR,5631.0,200
1776834264,WARN,194.0,200
1776834265,ERROR,7707.0,500
1776834266,INFO,303.0,200
1776834267,INFO,140.0,200
1776834268,ERROR,9253.0,200
1776834269,WARN,315.0,200
1776834270,INFO,160.0,200
1776834271,INFO,429.0,200
1776834272,INFO,486.0,200
1776834273,INFO,243.0,200
1776834274,INFO,110.0,200
1776834275,INFO,107.0,200
1776834276,WARN,140.0,500
1776834277,WARN,213.0,500
1776834278,INFO,139.0,200
1776834279,ERROR,496.0,200
1776834280,INFO,113.0,500
1776834281,INFO,326.0,200
1776834282,ERROR,181.0,200
1776834283,INFO,298.0,500
1776834284,INFO,154.0,200
1776834285,INFO,212.0,200
1776834286,ERROR,4941.0,200
1776834287,ERROR,7646.0,200
1776834288,INFO,427.0,200
1776834289,ERROR,9892.0,404
1776834290,INFO,176.0,500
1776834291,INFO,302.0,200
1776834292,INFO,325.0,200
1776834293,INFO,189.0,200
1776834294,INFO,285.0,500
1776834295,WARN,107.0,404
1776834296,INFO,138.0,200
1776834297,INFO,102.0,404
1776834298,INFO,313.0,404
1776834299,INFO,204.0,200
1776834300,ERROR,110.0,200
1776834301,INFO,141.0,404
1776834302,INFO,126.0,200
1776834303,ERROR,6483.0,200
1776834304,WARN,428.0,500
1776834305,WARN,421.0,404
1776834306,INFO,430.0,500
1776834307,INFO,499.0,404
1776834308,WARN,412.0,404
1776834309,WARN,214.0,200
1776834310,WARN,209.0,200
1776834311,INFO,283.0,200
1776834312,INFO,254.0,404
1776834313,INFO,289.0,200
1776834314,INFO,180.0,500
1776834315,INFO,389.0,500
1776834316,WARN,132.0,200
1776834317,WARN,429.0,500
1776834318,INFO,313.0,404
1776834319,INFO,494.0,404
1776834320,WARN,277.0,200
1776834321,ERROR,195.0,200
1776834322,INFO,231.0,500
1776834323,INFO,165.0,404
1776834324,WARN,397.0,404
1776834325,WARN,384.0,500
1776834326,ERROR,4040.0,500
1776834327,INFO,399.0,404
1776834328,INFO,320.0,200
1776834329,INFO,359.0,200
1776834330,INFO,238.0,404
1776834331,INFO,492.0,404
1776834332,WARN,247.0,200
1776834333,INFO,391.0,404
1776834334,INFO,168.0,200
1776834335,ERROR,5661.0,500
1776834336,INFO,162.0,200
1776834337,ERROR,9144.0,500
1776834338,INFO,129.0,200
1776834339,INFO,284.0,200
1776834340,ERROR,9208.0,200
1776834341,INFO,139.0,404
1776834342,INFO,121.0,200
1776834343,WARN,472.0,200
1776834344,INFO,463.0,404
1776834345,INFO,392.0,200
1776834346,INFO,277.0,404
1776834347,INFO,198.0,404
1776834348,WARN,142.0,500
1776834349,INFO,355.0,500
1776834350,INFO,345.0,200
1776834351,WARN,244.0,200
1776834352,INFO,346.0,200
1776834353,INFO,419.0,404
1776834354,WARN,418.0,200
1776834355,ERROR,8240.0,200
1776834356,INFO,313.0,200
1776834357,INFO,164.0,500
1776834358,INFO,426.0,500
1776834359,INFO,407.0,200
1776834360,INFO,163.0,200
1776834361,WARN,161.0,500
1776834362,WARN,167.0,200
1776834363,ERROR,8227.0,404
1776834364,INFO,128.0,500
1776834365,INFO,208.0,200
1776834366,INFO,445.0,500
1776834367,WARN,461.0,200
1776834368,INFO,125.0,404
1776834369,INFO,425.0,200
1776834370,INFO,157.0,404
1776834371,WARN,315.0,200
1776834372,INFO,357.0,500
1776834373,WARN,152.0,200
1776834374,INFO,222.0,404
1776834375,INFO,402.0,404
1776834376,INFO,362.0,404
1776834377,INFO,105.0,200
1776834378,INFO,166.0,200
1776834379,INFO,141.0,200
1776834380,INFO,424.0,200
1776834381,ERROR,6773.0,500
1776834382,WARN,327.0,200
1776834383,INFO,316.0,200
1776834384,ERROR,481.0,200
1776834385,ERROR,9515.0,404
1776834386,INFO,487.0,200
1776834387,INFO,477.0,200
1776834388,ERROR,4719.0,200
1776834389,ERROR,257.0,500
1776834390,INFO,483.0,500
1776834391,INFO,376.0,200
1776834392,WARN,232.0,404
1776834393,WARN,188.0,200
1776834394,ERROR,4237.0,200
1776834395,ERROR,2740.0,404
1776834396,ERROR,4452.0,200
1776834397,INFO,485.0,200
1776834398,INFO,442.0,404
1776834399,INFO,429.0,200
1776834400,WARN,475.0,200
1776834401,WARN,204.0,404
1776834402,INFO,266.0,200
1776834403,INFO,175.0,200
1776834404,ERROR,375.0,200
1776834405,INFO,233.0,200
1776834406,ERROR,7501.0,200
1776834407,INFO,248.0,200
1776834408,INFO,312.0,200
1776834409,INFO,383.0,200
1776834410,INFO,360.0,200
1776834411,INFO,331.0,500
1776834412,INFO,400.0,404
1776834413,ERROR,5979.0,200
1776834414,INFO,426.0,200
1776834415,WARN,195.0,200
1776834416,INFO,384.0,200
1776834417,ERROR,9516.0,404
1776834418,WARN,293.0,200
1776834419,WARN,127.0,200
1776834420,INFO,333.0,500
1776834421,WARN,180.0,200
1776834422,WARN,101.0,200
1776834423,ERROR,7680.0,404
1776834424,ERROR,5014.0,200
1776834425,ERROR,5225.0,404
1776834426,WARN,330.0,200
1776834427,INFO,424.0,500
1776834428,WARN,468.0,200
1776834429,INFO,389.0,500
1776834430,INFO,185.0,500
1776834431,ERROR,473.0,200
1776834432,WARN,118.0,200
1776834433,INFO,139.0,200
1776834434,INFO,437.0,500
1776834435,ERROR,453.0,500
1776834436,INFO,126.0,200
1776834437,WARN,219.0,500
1776834438,ERROR,364.0,200
1776834439,ERROR,252.0,200
1776834440,WARN,352.0,500
1776834441,WARN,383.0,500
1776834442,ERROR,138.0,200
1776834443,INFO,261.0,500
1776834444,WARN,125.0,404
1776834445,INFO,201.0,200
1776834446,ERROR,221.0,200
1776834447,INFO,120.0,200
1776834448,WARN,126.0,404
1776834449,ERROR,361.0,500
1776834450,ERROR,6891.0,200
1776834451,INFO,465.0,200
1776834452,INFO,149.0,200
1776834453,ERROR,145.0,200
1776834454,WARN,457.0,500
1776834455,INFO,183.0,200
1776834456,INFO,443.0,200
1776834457,INFO,448.0,200
1776834458,ERROR,169.0,200
1776834459,INFO,215.0,200
1776834460,WARN,149.0,404
1776834461,INFO,434.0,200
1776834462,INFO,421.0,404
1776834463,INFO,477.0,200
1776834464,INFO,173.0,404
1776834465,ERROR,457.0,200
1776834466,INFO,139.0,200
1776834467,WARN,313.0,500
1776834468,INFO,371.0,404
1776834469,INFO,238.0,200
1776834470,INFO,413.0,500
1776834471,INFO,169.0,200
1776834472,INFO,354.0,200
1776834473,INFO,357.0,500
1776834474,INFO,469.0,200
1776834475,INFO,190.0,500
1776834476,INFO,446.0,404
1776834477,WARN,115.0,500
1776834478,ERROR,7787.0,404
1776834479,INFO,167.0,200
1776834480,INFO,271.0,404
1776834481,ERROR,132.0,200
1776834482,WARN,469.0,404
1776834483,INFO,345.0,500
1776834484,INFO,470.0,200
1776834485,WARN,287.0,200
1776834486,INFO,173.0,200
1776834487,INFO,326.0,200
1776834488,ERROR,3536.0,500
1776834489,ERROR,3802.0,404
1776834490,INFO,192.0,200
1776834491,WARN,259.0,200
1776834492,ERROR,237.0,200
1776834493,INFO,342.0,200
1776834494,INFO,253.0,500
1776834495,WARN,253.0,500
1776834496,INFO,235.0,200
1776834497,INFO,452.0,200
1776834498,INFO,347.0,500
1776834499,INFO,365.0,200
1776834500,ERROR,2980.0,200
1776834501,INFO,293.0,200
1776834502,ERROR,5232.0,200
1776834503,INFO,361.0,200
1776834504,WARN,192.0,500
1776834505,INFO,491.0,200
1776834506,INFO,464.0,200
1776834507,INFO,377.0,200
1776834508,INFO,126.0,200
1776834509,INFO,483.0,200
1776834510,INFO,114.0,200
1776834511,WARN,444.0,500
1776834512,ERROR,317.0,500
1776834513,INFO,427.0,500
1776834514,INFO,185.0,200
1776834515,ERROR,4838.0,404
1776834516,INFO,287.0,200
1776834517,ERROR,312.0,200
1776834518,INFO,190.0,200
1776834519,INFO,127.0,404
1776834520,INFO,162.0,200
1776834521,ERROR,2435.0,200
1776834522,WARN,134.0,200
1776834523,INFO,308.0,200
1776834524,ERROR,170.0,500
1776834525,INFO,103.0,200
1776834526,INFO,251.0,200
1776834527,INFO,141.0,200
1776834528,ERROR,112.0,500
1776834529,INFO,168.0,200
1776834530,WARN,139.0,200
1776834531,WARN,202.0,200
1776834532,ERROR,9264.0,200
1776834533,ERROR,196.0,404
1776834534,INFO,127.0,200
1776834535,INFO,140.0,200
1776834536,ERROR,312.0,200
1776834537,INFO,316.0,200
1776834538,INFO,404.0,200
1776834539,INFO,120.0,200
1776834540,INFO,345.0,200
1776834541,ERROR,5508.0,200
1776834542,INFO,149.0,200
1776834543,ERROR,382.0,200
1776834544,ERROR,2175.0,500
1776834545,WARN,175.0,200
1776834546,INFO,202.0,404
1776834547,INFO,246.0,200
1776834548,INFO,491.0,200
1776834549,ERROR,5919.0,500
1776834550,INFO,219.0,500
1776834551,INFO,329.0,200
1776834552,INFO,270.0,200
1776834553,INFO,214.0,200
1776834554,INFO,395.0,200
1776834555,INFO,103.0,500
1776834556,ERROR,7569.0,200
1776834557,INFO,496.0,200
1776834558,INFO,370.0,500
1776834559,INFO,117.0,200
1776834560,INFO,437.0,200
1776834561,INFO,300.0,500
1776834562,INFO,299.0,200
1776834563,INFO,231.0,500
1776834564,INFO,163.0,200
1776834565,INFO,158.0,200
1776834566,WARN,411.0,200
1776834567,WARN,122.0,200
1776834568,INFO,129.0,404
1776834569,INFO,335.0,404
1776834570,WARN,254.0,200
1776834571,INFO,181.0,404
1776834572,INFO,312.0,200
1776834573,WARN,323.0,404
1776834574,INFO,162.0,200
1776834575,INFO,109.0,200
1776834576,ERROR,378.0,500
1776834577,WARN,381.0,200
1776834578,INFO,436.0,404
1776834579,INFO,162.0,200
1776834580,INFO,480.0,200
1776834581,INFO,367.0,200
1776834582,ERROR,326.0,200
1776834583,INFO,368.0,200
1776834584,INFO,240.0,200
1776834585,ERROR,203.0,200
1776834586,INFO,277.0,200
1776834587,ERROR,222.0,200
1776834588,WARN,127.0,200
1776834589,INFO,281.0,200
1776834590,WARN,426.0,200
1776834591,WARN,404.0,200
1776834592,ERROR,240.0,404
1776834593,INFO,275.0,500
1776834594,ERROR,9701.0,200
1776834595,INFO,126.0,200
1776834596,ERROR,312.0,200
1776834597,INFO,209.0,200
1776834598,INFO,479.0,200
1776834599,INFO,459.0,200
1776834600,INFO,257.0,200
1776834601,ERROR,278.0,200
1776834602,INFO,444.0,200
1776834603,INFO,303.0,200
1776834604,ERROR,9846.0,200
1776834605,INFO,209.0,200
1776834606,WARN,223.0,404
1776834607,INFO,247.0,200
1776834608,WARN,132.0,200
1776834609,INFO,249.0,200
1776834610,INFO,223.0,200
1776834611,WARN,132.0,200
1776834612,INFO,105.0,200
1776834613,INFO,207.0,200
1776834614,ERROR,6053.0,200
1776834615,INFO,379.0,200
1776834616,INFO,362.0,200
1776834617,INFO,398.0,404
1776834618,WARN,449.0,500
1776834619,WARN,361.0,500
1776834620,INFO,257.0,404
1776834621,INFO,197.0,200
1776834622,INFO,232.0,500
1776834623,INFO,412.0,200
1776834624,WARN,153.0,500
1776834625,WARN,478.0,404
1776834626,ERROR,5881.0,200
1776834627,INFO,363.0,200
1776834628,INFO,364.0,200
1776834629,INFO,107.0,200
1776834630,INFO,101.0,404
1776834631,WARN,168.0,200
1776834632,INFO,270.0,404
1776834633,INFO,351.0,500
1776834634,INFO,384.0,200
1776834635,INFO,413.0,200
1776834636,INFO,173.0,200
1776834637,ERROR,2590.0,500
1776834638,ERROR,4311.0,200
1776834639,INFO,155.0,404
1776834640,INFO,266.0,200
1776834641,INFO,293.0,200
1776834642,INFO,361.0,200
1776834643,WARN,235.0,404
1776834644,INFO,433.0,500
1776834645,INFO,117.0,200
1776834646,ERROR,374.0,200
1776834647,INFO,170.0,200
1776834648,INFO,491.0,200
1776834649,INFO,250.0,200
1776834650,INFO,118.0,500
1776834651,INFO,314.0,500
1776834652,INFO,441.0,200
1776834653,WARN,144.0,200
1776834654,INFO,444.0,200
1776834655,WARN,176.0,200
1776834656,INFO,205.0,500
1776834657,INFO,380.0,200
1776834658,ERROR,6718.0,200
1776834659,ERROR,155.0,200
1776834660,ERROR,305.0,200
1776834661,INFO,280.0,200
1776834662,INFO,440.0,200
1776834663,WARN,134.0,200
1776834664,INFO,231.0,500
1776834665,WARN,187.0,200
1776834666,INFO,223.0,404
1776834667,WARN,116.0,200
1776834668,ERROR,354.0,200
1776834669,INFO,345.0,404
1776834670,ERROR,473.0,404
1776834671,INFO,128.0,500
1776834672,INFO,299.0,200
1776834673,WARN,472.0,200
1776834674,INFO,474.0,200
1776834675,INFO,394.0,200
1776834676,WARN,308.0,200
1776834677,INFO,155.0,500
1776834678,WARN,189.0,200
1776834679,ERROR,5405.0,200
1776834680,ERROR,6230.0,500
1776834681,INFO,428.0,200
1776834682,INFO,129.0,200
1776834683,WARN,170.0,404
1776834684,ERROR,422.0,404
1776834685,INFO,326.0,200
1776834686,ERROR,398.0,404
1776834687,ERROR,6254.0,200
1776834688,INFO,183.0,200
1776834689,INFO,234.0,200
1776834690,INFO,259.0,404
1776834691,WARN,317.0,200
1776834692,INFO,149.0,500
1776834693,WARN,297.0,500
1776834694,ERROR,7311.0,200
1776834695,INFO,171.0,200
1776834696,ERROR,328.0,404
1776834697,INFO,477.0,200
1776834698,INFO,223.0,200
1776834699,WARN,410.0,200
1776834700,WARN,330.0,200
1776834701,INFO,478.0,200
1776834702,INFO,266.0,200
1776834703,INFO,463.0,200
1776834704,INFO,454.0,200
1776834705,WARN,356.0,200
1776834706,INFO,158.0,404
1776834707,WARN,229.0,500
1776834708,ERROR,4602.0,200
1776834709,WARN,427.0,200
1776834710,INFO,466.0,200
1776834711,ERROR,4952.0,200
1776834712,INFO,444.0,200
1776834713,INFO,405.0,200
1776834714,INFO,224.0,200
1776834715,ERROR,2104.0,500
1776834716,INFO,418.0,200
1776834717,WARN,155.0,200
1776834718,INFO,140.0,200
1776834719,INFO,440.0,500
1776834720,WARN,334.0,404
1776834721,INFO,242.0,200
1776834722,INFO,120.0,200
1776834723,INFO,469.0,200
1776834724,INFO,102.0,200
1776834725,INFO,140.0,500
1776834726,ERROR,4191.0,200
1776834727,INFO,403.0,200
1776834728,INFO,381.0,500
1776834729,INFO,332.0,200
1776834730,INFO,463.0,200
1776834731,INFO,462.0,500
1776834732,ERROR,5215.0,200
1776834733,INFO,232.0,200
1776834734,ERROR,204.0,200
1776834735,INFO,158.0,500
1776834736,ERROR,231.0,200
1776834737,INFO,383.0,200
1776834738,ERROR,4764.0,200
1776834739,INFO,311.0,200
1776834740,INFO,434.0,404
1776834741,INFO,438.0,404
1776834742,WARN,260.0,404
1776834743,INFO,101.0,200
1776834744,INFO,175.0,500
1776834745,INFO,176.0,200
1776834746,INFO,416.0,200
1776834747,ERROR,6281.0,200
1776834748,WARN,130.0,200
1776834749,INFO,321.0,500
1776834750,ERROR,339.0,200
1776834751,INFO,420.0,404
1776834752,ERROR,6974.0,200
1776834753,WARN,477.0,200
1776834754,INFO,172.0,200
1776834755,ERROR,5828.0,404
1776834756,ERROR,2695.0,200
1776834757,INFO,133.0,200
1776834758,WARN,461.0,200
1776834759,INFO,359.0,200
1776834760,ERROR,154.0,200
1776834761,INFO,115.0,404
1776834762,INFO,359.0,200
1776834763,ERROR,7792.0,200
1776834764,INFO,123.0,404
1776834765,ERROR,481.0,200
1776834766,INFO,455.0,500
1776834767,INFO,287.0,200
1776834768,INFO,406.0,200
1776834769,WARN,241.0,404
1776834770,INFO,365.0,200
1776834771,ERROR,205.0,500
1776834772,INFO,422.0,200
1776834773,WARN,328.0,500
1776834774,INFO,369.0,200
1776834775,ERROR,3057.0,404
1776834776,INFO,168.0,200
1776834777,INFO,286.0,200
1776834778,INFO,368.0,200
1776834779,ERROR,7445.0,200
1776834780,INFO,270.0,200
1776834781,INFO,430.0,200
1776834782,INFO,273.0,200
1776834783,INFO,232.0,200
1776834784,INFO,119.0,500
1776834785,WARN,406.0,200
1776834786,ERROR,3507.0,500
1776834787,INFO,166.0,404
1776834788,INFO,325.0,404
1776834789,INFO,138.0,404
1776834790,INFO,397.0,200
1776834791,INFO,277.0,200
